file,line,type,commit,author,date,time,timezone,datetime,depth,length
style.css,1,css,fca7d797,Owen Yang,2025-01-18,17:59:46,-08:00,2025-01-18T17:59:46-08:00,0,6
style.css,2,css,da28c96d,Owen Yang,2025-01-25,18:19:42,-08:00,2025-01-25T18:19:42-08:00,0,24
style.css,3,css,aedca164,Owen Yang,2025-01-25,18:22:12,-08:00,2025-01-25T18:22:12-08:00,0,0
style.css,4,css,da28c96d,Owen Yang,2025-01-25,18:19:42,-08:00,2025-01-25T18:19:42-08:00,0,32
style.css,5,css,da28c96d,Owen Yang,2025-01-25,18:19:42,-08:00,2025-01-25T18:19:42-08:00,0,0
style.css,6,css,da28c96d,Owen Yang,2025-01-25,18:19:42,-08:00,2025-01-25T18:19:42-08:00,0,40
style.css,7,css,da28c96d,Owen Yang,2025-01-25,18:19:42,-08:00,2025-01-25T18:19:42-08:00,0,70
style.css,8,css,da28c96d,Owen Yang,2025-01-25,18:19:42,-08:00,2025-01-25T18:19:42-08:00,0,0
style.css,9,css,da28c96d,Owen Yang,2025-01-25,18:19:42,-08:00,2025-01-25T18:19:42-08:00,0,0
style.css,10,css,da28c96d,Owen Yang,2025-01-25,18:19:42,-08:00,2025-01-25T18:19:42-08:00,0,5
style.css,11,css,da28c96d,Owen Yang,2025-01-25,18:19:42,-08:00,2025-01-25T18:19:42-08:00,0,24
style.css,12,css,da28c96d,Owen Yang,2025-01-25,18:19:42,-08:00,2025-01-25T18:19:42-08:00,0,16
style.css,13,css,da28c96d,Owen Yang,2025-01-25,18:19:42,-08:00,2025-01-25T18:19:42-08:00,0,16
style.css,14,css,da28c96d,Owen Yang,2025-01-25,18:19:42,-08:00,2025-01-25T18:19:42-08:00,0,43
style.css,15,css,da28c96d,Owen Yang,2025-01-25,18:19:42,-08:00,2025-01-25T18:19:42-08:00,0,19
style.css,16,css,da28c96d,Owen Yang,2025-01-25,18:19:42,-08:00,2025-01-25T18:19:42-08:00,0,18
style.css,17,css,da28c96d,Owen Yang,2025-01-25,18:19:42,-08:00,2025-01-25T18:19:42-08:00,0,0
style.css,18,css,da28c96d,Owen Yang,2025-01-25,18:19:42,-08:00,2025-01-25T18:19:42-08:00,0,0
style.css,19,css,fca7d797,Owen Yang,2025-01-18,17:59:46,-08:00,2025-01-18T17:59:46-08:00,0,5
style.css,20,css,da28c96d,Owen Yang,2025-01-25,18:19:42,-08:00,2025-01-25T18:19:42-08:00,0,33
style.css,21,css,da28c96d,Owen Yang,2025-01-25,18:19:42,-08:00,2025-01-25T18:19:42-08:00,0,0
style.css,22,css,da28c96d,Owen Yang,2025-01-25,18:19:42,-08:00,2025-01-25T18:19:42-08:00,0,0
style.css,23,css,bd6746fd,Owen Yang,2025-01-18,17:42:27,-08:00,2025-01-18T17:42:27-08:00,0,4
style.css,24,css,da28c96d,Owen Yang,2025-01-25,18:19:42,-08:00,2025-01-25T18:19:42-08:00,0,13
style.css,25,css,da28c96d,Owen Yang,2025-01-25,18:19:42,-08:00,2025-01-25T18:19:42-08:00,0,29
style.css,26,css,da28c96d,Owen Yang,2025-01-25,18:19:42,-08:00,2025-01-25T18:19:42-08:00,0,19
style.css,27,css,da28c96d,Owen Yang,2025-01-25,18:19:42,-08:00,2025-01-25T18:19:42-08:00,0,18
style.css,28,css,aedca164,Owen Yang,2025-01-25,18:22:12,-08:00,2025-01-25T18:22:12-08:00,0,44
style.css,29,css,da28c96d,Owen Yang,2025-01-25,18:19:42,-08:00,2025-01-25T18:19:42-08:00,0,0
style.css,30,css,da28c96d,Owen Yang,2025-01-25,18:19:42,-08:00,2025-01-25T18:19:42-08:00,0,0
style.css,31,css,fca7d797,Owen Yang,2025-01-18,17:59:46,-08:00,2025-01-18T17:59:46-08:00,0,6
style.css,32,css,da28c96d,Owen Yang,2025-01-25,18:19:42,-08:00,2025-01-25T18:19:42-08:00,0,21
style.css,33,css,da28c96d,Owen Yang,2025-01-25,18:19:42,-08:00,2025-01-25T18:19:42-08:00,0,14
style.css,34,css,da28c96d,Owen Yang,2025-01-25,18:19:42,-08:00,2025-01-25T18:19:42-08:00,0,18
style.css,35,css,da28c96d,Owen Yang,2025-01-25,18:19:42,-08:00,2025-01-25T18:19:42-08:00,0,7
style.css,36,css,da28c96d,Owen Yang,2025-01-25,18:19:42,-08:00,2025-01-25T18:19:42-08:00,0,14
style.css,37,css,da28c96d,Owen Yang,2025-01-25,18:19:42,-08:00,2025-01-25T18:19:42-08:00,0,16
style.css,38,css,da28c96d,Owen Yang,2025-01-25,18:19:42,-08:00,2025-01-25T18:19:42-08:00,0,32
style.css,39,css,da28c96d,Owen Yang,2025-01-25,18:19:42,-08:00,2025-01-25T18:19:42-08:00,0,0
style.css,40,css,da28c96d,Owen Yang,2025-01-25,18:19:42,-08:00,2025-01-25T18:19:42-08:00,0,0
style.css,41,css,fca7d797,Owen Yang,2025-01-18,17:59:46,-08:00,2025-01-18T17:59:46-08:00,0,14
style.css,42,css,aedca164,Owen Yang,2025-01-25,18:22:12,-08:00,2025-01-25T18:22:12-08:00,0,46
style.css,43,css,da28c96d,Owen Yang,2025-01-25,18:19:42,-08:00,2025-01-25T18:19:42-08:00,0,21
style.css,44,css,da28c96d,Owen Yang,2025-01-25,18:19:42,-08:00,2025-01-25T18:19:42-08:00,0,0
style.css,45,css,da28c96d,Owen Yang,2025-01-25,18:19:42,-08:00,2025-01-25T18:19:42-08:00,0,0
style.css,46,css,fca7d797,Owen Yang,2025-01-18,17:59:46,-08:00,2025-01-18T17:59:46-08:00,0,12
style.css,47,css,aedca164,Owen Yang,2025-01-25,18:22:12,-08:00,2025-01-25T18:22:12-08:00,0,46
style.css,48,css,aedca164,Owen Yang,2025-01-25,18:22:12,-08:00,2025-01-25T18:22:12-08:00,0,39
style.css,49,css,da28c96d,Owen Yang,2025-01-25,18:19:42,-08:00,2025-01-25T18:19:42-08:00,0,0
style.css,50,css,da28c96d,Owen Yang,2025-01-25,18:19:42,-08:00,2025-01-25T18:19:42-08:00,0,0
style.css,51,css,da28c96d,Owen Yang,2025-01-25,18:19:42,-08:00,2025-01-25T18:19:42-08:00,0,5
style.css,52,css,da28c96d,Owen Yang,2025-01-25,18:19:42,-08:00,2025-01-25T18:19:42-08:00,0,13
style.css,53,css,da28c96d,Owen Yang,2025-01-25,18:19:42,-08:00,2025-01-25T18:19:42-08:00,0,31
style.css,54,css,da28c96d,Owen Yang,2025-01-25,18:19:42,-08:00,2025-01-25T18:19:42-08:00,0,8
style.css,55,css,5e94dfab,Owen Yang,2025-01-18,18:08:04,-08:00,2025-01-18T18:08:04-08:00,0,0
style.css,56,css,5e94dfab,Owen Yang,2025-01-18,18:08:04,-08:00,2025-01-18T18:08:04-08:00,0,0
style.css,57,css,5e94dfab,Owen Yang,2025-01-18,18:08:04,-08:00,2025-01-18T18:08:04-08:00,0,6
style.css,58,css,da28c96d,Owen Yang,2025-01-25,18:19:42,-08:00,2025-01-25T18:19:42-08:00,0,14
style.css,59,css,da28c96d,Owen Yang,2025-01-25,18:19:42,-08:00,2025-01-25T18:19:42-08:00,0,18
style.css,60,css,5e94dfab,Owen Yang,2025-01-18,18:08:04,-08:00,2025-01-18T18:08:04-08:00,0,0
style.css,61,css,5e94dfab,Owen Yang,2025-01-18,18:08:04,-08:00,2025-01-18T18:08:04-08:00,0,0
style.css,62,css,da28c96d,Owen Yang,2025-01-25,18:19:42,-08:00,2025-01-25T18:19:42-08:00,0,5
style.css,63,css,da28c96d,Owen Yang,2025-01-25,18:19:42,-08:00,2025-01-25T18:19:42-08:00,0,8
style.css,64,css,da28c96d,Owen Yang,2025-01-25,18:19:42,-08:00,2025-01-25T18:19:42-08:00,0,7
style.css,65,css,da28c96d,Owen Yang,2025-01-25,18:19:42,-08:00,2025-01-25T18:19:42-08:00,0,14
style.css,66,css,5e94dfab,Owen Yang,2025-01-18,18:08:04,-08:00,2025-01-18T18:08:04-08:00,0,0
style.css,67,css,5e94dfab,Owen Yang,2025-01-18,18:08:04,-08:00,2025-01-18T18:08:04-08:00,0,0
style.css,68,css,5e94dfab,Owen Yang,2025-01-18,18:08:04,-08:00,2025-01-18T18:08:04-08:00,0,7
style.css,69,css,da28c96d,Owen Yang,2025-01-25,18:19:42,-08:00,2025-01-25T18:19:42-08:00,0,19
style.css,70,css,891cddb5,Owen Yang,2025-01-18,18:16:57,-08:00,2025-01-18T18:16:57-08:00,0,0
style.css,71,css,da28c96d,Owen Yang,2025-01-25,18:19:42,-08:00,2025-01-25T18:19:42-08:00,0,0
style.css,72,css,891cddb5,Owen Yang,2025-01-18,18:16:57,-08:00,2025-01-18T18:16:57-08:00,0,10
style.css,73,css,891cddb5,Owen Yang,2025-01-18,18:16:57,-08:00,2025-01-18T18:16:57-08:00,0,13
style.css,74,css,da28c96d,Owen Yang,2025-01-25,18:19:42,-08:00,2025-01-25T18:19:42-08:00,0,59
style.css,75,css,da28c96d,Owen Yang,2025-01-25,18:19:42,-08:00,2025-01-25T18:19:42-08:00,0,8
style.css,76,css,891cddb5,Owen Yang,2025-01-18,18:16:57,-08:00,2025-01-18T18:16:57-08:00,0,0
style.css,77,css,da28c96d,Owen Yang,2025-01-25,18:19:42,-08:00,2025-01-25T18:19:42-08:00,0,0
style.css,78,css,891cddb5,Owen Yang,2025-01-18,18:16:57,-08:00,2025-01-18T18:16:57-08:00,0,8
style.css,79,css,891cddb5,Owen Yang,2025-01-18,18:16:57,-08:00,2025-01-18T18:16:57-08:00,0,13
style.css,80,css,da28c96d,Owen Yang,2025-01-25,18:19:42,-08:00,2025-01-25T18:19:42-08:00,0,27
style.css,81,css,da28c96d,Owen Yang,2025-01-25,18:19:42,-08:00,2025-01-25T18:19:42-08:00,0,16
style.css,82,css,da28c96d,Owen Yang,2025-01-25,18:19:42,-08:00,2025-01-25T18:19:42-08:00,0,8
style.css,83,css,891cddb5,Owen Yang,2025-01-18,18:16:57,-08:00,2025-01-18T18:16:57-08:00,0,0
style.css,84,css,891cddb5,Owen Yang,2025-01-18,18:16:57,-08:00,2025-01-18T18:16:57-08:00,0,0
style.css,85,css,891cddb5,Owen Yang,2025-01-18,18:16:57,-08:00,2025-01-18T18:16:57-08:00,0,11
style.css,86,css,891cddb5,Owen Yang,2025-01-18,18:16:57,-08:00,2025-01-18T18:16:57-08:00,0,9
style.css,87,css,891cddb5,Owen Yang,2025-01-18,18:16:57,-08:00,2025-01-18T18:16:57-08:00,0,0
style.css,88,css,da28c96d,Owen Yang,2025-01-25,18:19:42,-08:00,2025-01-25T18:19:42-08:00,0,0
style.css,89,css,891cddb5,Owen Yang,2025-01-18,18:16:57,-08:00,2025-01-18T18:16:57-08:00,0,3
style.css,90,css,da28c96d,Owen Yang,2025-01-25,18:19:42,-08:00,2025-01-25T18:19:42-08:00,0,15
style.css,91,css,891cddb5,Owen Yang,2025-01-18,18:16:57,-08:00,2025-01-18T18:16:57-08:00,0,0
style.css,92,css,891cddb5,Owen Yang,2025-01-18,18:16:57,-08:00,2025-01-18T18:16:57-08:00,0,0
style.css,93,css,da28c96d,Owen Yang,2025-01-25,18:19:42,-08:00,2025-01-25T18:19:42-08:00,0,2
style.css,94,css,da28c96d,Owen Yang,2025-01-25,18:19:42,-08:00,2025-01-25T18:19:42-08:00,0,2
style.css,95,css,da28c96d,Owen Yang,2025-01-25,18:19:42,-08:00,2025-01-25T18:19:42-08:00,0,2
style.css,96,css,da28c96d,Owen Yang,2025-01-25,18:19:42,-08:00,2025-01-25T18:19:42-08:00,0,2
style.css,97,css,da28c96d,Owen Yang,2025-01-25,18:19:42,-08:00,2025-01-25T18:19:42-08:00,0,2
style.css,98,css,da28c96d,Owen Yang,2025-01-25,18:19:42,-08:00,2025-01-25T18:19:42-08:00,0,3
style.css,99,css,891cddb5,Owen Yang,2025-01-18,18:16:57,-08:00,2025-01-18T18:16:57-08:00,0,16
style.css,100,css,891cddb5,Owen Yang,2025-01-18,18:16:57,-08:00,2025-01-18T18:16:57-08:00,0,18
style.css,101,css,90b4524a,Owen Yang,2025-01-18,18:25:30,-08:00,2025-01-18T18:25:30-08:00,0,0
style.css,102,css,da28c96d,Owen Yang,2025-01-25,18:19:42,-08:00,2025-01-25T18:19:42-08:00,0,0
style.css,103,css,90b4524a,Owen Yang,2025-01-18,18:25:30,-08:00,2025-01-18T18:25:30-08:00,0,13
style.css,104,css,da28c96d,Owen Yang,2025-01-25,18:19:42,-08:00,2025-01-25T18:19:42-08:00,0,41
style.css,105,css,da28c96d,Owen Yang,2025-01-25,18:19:42,-08:00,2025-01-25T18:19:42-08:00,0,24
style.css,106,css,90b4524a,Owen Yang,2025-01-18,18:25:30,-08:00,2025-01-18T18:25:30-08:00,0,0
style.css,107,css,da28c96d,Owen Yang,2025-01-25,18:19:42,-08:00,2025-01-25T18:19:42-08:00,0,0
style.css,108,css,da28c96d,Owen Yang,2025-01-25,18:19:42,-08:00,2025-01-25T18:19:42-08:00,0,21
style.css,109,css,da28c96d,Owen Yang,2025-01-25,18:19:42,-08:00,2025-01-25T18:19:42-08:00,0,35
style.css,110,css,da28c96d,Owen Yang,2025-01-25,18:19:42,-08:00,2025-01-25T18:19:42-08:00,0,24
style.css,111,css,da28c96d,Owen Yang,2025-01-25,18:19:42,-08:00,2025-01-25T18:19:42-08:00,0,45
style.css,112,css,90b4524a,Owen Yang,2025-01-18,18:25:30,-08:00,2025-01-18T18:25:30-08:00,0,0
style.css,113,css,da28c96d,Owen Yang,2025-01-25,18:19:42,-08:00,2025-01-25T18:19:42-08:00,0,0
style.css,114,css,90b4524a,Owen Yang,2025-01-18,18:25:30,-08:00,2025-01-18T18:25:30-08:00,0,23
style.css,115,css,da28c96d,Owen Yang,2025-01-25,18:19:42,-08:00,2025-01-25T18:19:42-08:00,0,26
style.css,116,css,90b4524a,Owen Yang,2025-01-18,18:25:30,-08:00,2025-01-18T18:25:30-08:00,0,0
style.css,117,css,90b4524a,Owen Yang,2025-01-18,18:25:30,-08:00,2025-01-18T18:25:30-08:00,0,0
style.css,118,css,90b4524a,Owen Yang,2025-01-18,18:25:30,-08:00,2025-01-18T18:25:30-08:00,0,24
style.css,119,css,da28c96d,Owen Yang,2025-01-25,18:19:42,-08:00,2025-01-25T18:19:42-08:00,0,26
style.css,120,css,90b4524a,Owen Yang,2025-01-18,18:25:30,-08:00,2025-01-18T18:25:30-08:00,0,0
style.css,121,css,90b4524a,Owen Yang,2025-01-18,18:25:30,-08:00,2025-01-18T18:25:30-08:00,0,0
style.css,122,css,90b4524a,Owen Yang,2025-01-18,18:25:30,-08:00,2025-01-18T18:25:30-08:00,0,30
style.css,123,css,da28c96d,Owen Yang,2025-01-25,18:19:42,-08:00,2025-01-25T18:19:42-08:00,0,30
style.css,124,css,90b4524a,Owen Yang,2025-01-18,18:25:30,-08:00,2025-01-18T18:25:30-08:00,0,0
style.css,125,css,90b4524a,Owen Yang,2025-01-18,18:25:30,-08:00,2025-01-18T18:25:30-08:00,0,0
style.css,126,css,90b4524a,Owen Yang,2025-01-18,18:25:30,-08:00,2025-01-18T18:25:30-08:00,0,24
style.css,127,css,da28c96d,Owen Yang,2025-01-25,18:19:42,-08:00,2025-01-25T18:19:42-08:00,0,24
style.css,128,css,da28c96d,Owen Yang,2025-01-25,18:19:42,-08:00,2025-01-25T18:19:42-08:00,0,44
style.css,129,css,90b4524a,Owen Yang,2025-01-18,18:25:30,-08:00,2025-01-18T18:25:30-08:00,0,0
style.css,130,css,90b4524a,Owen Yang,2025-01-18,18:25:30,-08:00,2025-01-18T18:25:30-08:00,0,0
style.css,131,css,da28c96d,Owen Yang,2025-01-25,18:19:42,-08:00,2025-01-25T18:19:42-08:00,0,24
style.css,132,css,da28c96d,Owen Yang,2025-01-25,18:19:42,-08:00,2025-01-25T18:19:42-08:00,0,26
style.css,133,css,90b4524a,Owen Yang,2025-01-18,18:25:30,-08:00,2025-01-18T18:25:30-08:00,0,0
style.css,134,css,90b4524a,Owen Yang,2025-01-18,18:25:30,-08:00,2025-01-18T18:25:30-08:00,0,0
style.css,135,css,da28c96d,Owen Yang,2025-01-25,18:19:42,-08:00,2025-01-25T18:19:42-08:00,0,27
style.css,136,css,da28c96d,Owen Yang,2025-01-25,18:19:42,-08:00,2025-01-25T18:19:42-08:00,0,35
style.css,137,css,da28c96d,Owen Yang,2025-01-25,18:19:42,-08:00,2025-01-25T18:19:42-08:00,0,45
style.css,138,css,90b4524a,Owen Yang,2025-01-18,18:25:30,-08:00,2025-01-18T18:25:30-08:00,0,0
style.css,139,css,90b4524a,Owen Yang,2025-01-18,18:25:30,-08:00,2025-01-18T18:25:30-08:00,0,0
style.css,140,css,da28c96d,Owen Yang,2025-01-25,18:19:42,-08:00,2025-01-25T18:19:42-08:00,0,0
style.css,141,css,da28c96d,Owen Yang,2025-01-25,18:19:42,-08:00,2025-01-25T18:19:42-08:00,0,14
style.css,142,css,aedca164,Owen Yang,2025-01-25,18:22:12,-08:00,2025-01-25T18:22:12-08:00,0,18
style.css,143,css,aedca164,Owen Yang,2025-01-25,18:22:12,-08:00,2025-01-25T18:22:12-08:00,0,9
style.css,144,css,aedca164,Owen Yang,2025-01-25,18:22:12,-08:00,2025-01-25T18:22:12-08:00,0,11
style.css,145,css,aedca164,Owen Yang,2025-01-25,18:22:12,-08:00,2025-01-25T18:22:12-08:00,0,14
style.css,146,css,aedca164,Owen Yang,2025-01-25,18:22:12,-08:00,2025-01-25T18:22:12-08:00,0,20
style.css,147,css,90b4524a,Owen Yang,2025-01-18,18:25:30,-08:00,2025-01-18T18:25:30-08:00,0,0
style.css,148,css,da28c96d,Owen Yang,2025-01-25,18:19:42,-08:00,2025-01-25T18:19:42-08:00,0,21
style.css,149,css,aedca164,Owen Yang,2025-01-25,18:22:12,-08:00,2025-01-25T18:22:12-08:00,0,20
style.css,150,css,aedca164,Owen Yang,2025-01-25,18:22:12,-08:00,2025-01-25T18:22:12-08:00,0,18
style.css,151,css,90b4524a,Owen Yang,2025-01-18,18:25:30,-08:00,2025-01-18T18:25:30-08:00,0,0
style.css,152,css,0a5d6444,Owen Yang,2025-02-01,16:40:19,-08:00,2025-02-01T16:40:19-08:00,0,15
style.css,153,css,0a5d6444,Owen Yang,2025-02-01,16:40:19,-08:00,2025-02-01T16:40:19-08:00,0,13
style.css,154,css,0a5d6444,Owen Yang,2025-02-01,16:40:19,-08:00,2025-02-01T16:40:19-08:00,0,23
style.css,155,css,0a5d6444,Owen Yang,2025-02-01,16:40:19,-08:00,2025-02-01T16:40:19-08:00,0,9
style.css,156,css,0a5d6444,Owen Yang,2025-02-01,16:40:19,-08:00,2025-02-01T16:40:19-08:00,0,18
style.css,157,css,0a5d6444,Owen Yang,2025-02-01,16:40:19,-08:00,2025-02-01T16:40:19-08:00,0,17
style.css,158,css,0a5d6444,Owen Yang,2025-02-01,16:40:19,-08:00,2025-02-01T16:40:19-08:00,0,30
style.css,159,css,0a5d6444,Owen Yang,2025-02-01,16:40:19,-08:00,2025-02-01T16:40:19-08:00,0,0
style.css,160,css,0a5d6444,Owen Yang,2025-02-01,16:40:19,-08:00,2025-02-01T16:40:19-08:00,0,0
style.css,161,css,0a5d6444,Owen Yang,2025-02-01,16:40:19,-08:00,2025-02-01T16:40:19-08:00,0,18
style.css,162,css,0a5d6444,Owen Yang,2025-02-01,16:40:19,-08:00,2025-02-01T16:40:19-08:00,0,13
style.css,163,css,0a5d6444,Owen Yang,2025-02-01,16:40:19,-08:00,2025-02-01T16:40:19-08:00,0,19
style.css,164,css,0a5d6444,Owen Yang,2025-02-01,16:40:19,-08:00,2025-02-01T16:40:19-08:00,0,9
style.css,165,css,0a5d6444,Owen Yang,2025-02-01,16:40:19,-08:00,2025-02-01T16:40:19-08:00,0,0
style.css,166,css,0a5d6444,Owen Yang,2025-02-01,16:40:19,-08:00,2025-02-01T16:40:19-08:00,0,0
style.css,167,css,0a5d6444,Owen Yang,2025-02-01,16:40:19,-08:00,2025-02-01T16:40:19-08:00,0,18
style.css,168,css,0a5d6444,Owen Yang,2025-02-01,16:40:19,-08:00,2025-02-01T16:40:19-08:00,0,17
style.css,169,css,0a5d6444,Owen Yang,2025-02-01,16:40:19,-08:00,2025-02-01T16:40:19-08:00,0,25
style.css,170,css,0a5d6444,Owen Yang,2025-02-01,16:40:19,-08:00,2025-02-01T16:40:19-08:00,0,14
style.css,171,css,0a5d6444,Owen Yang,2025-02-01,16:40:19,-08:00,2025-02-01T16:40:19-08:00,0,15
style.css,172,css,0a5d6444,Owen Yang,2025-02-01,16:40:19,-08:00,2025-02-01T16:40:19-08:00,0,18
style.css,173,css,0a5d6444,Owen Yang,2025-02-01,16:40:19,-08:00,2025-02-01T16:40:19-08:00,0,0
style.css,174,css,0a5d6444,Owen Yang,2025-02-01,16:40:19,-08:00,2025-02-01T16:40:19-08:00,0,0
style.css,175,css,0a5d6444,Owen Yang,2025-02-01,16:40:19,-08:00,2025-02-01T16:40:19-08:00,0,18
style.css,176,css,0a5d6444,Owen Yang,2025-02-01,16:40:19,-08:00,2025-02-01T16:40:19-08:00,0,15
style.css,177,css,0a5d6444,Owen Yang,2025-02-01,16:40:19,-08:00,2025-02-01T16:40:19-08:00,0,17
style.css,178,css,0a5d6444,Owen Yang,2025-02-01,16:40:19,-08:00,2025-02-01T16:40:19-08:00,0,9
style.css,179,css,0a5d6444,Owen Yang,2025-02-01,16:40:19,-08:00,2025-02-01T16:40:19-08:00,0,0
style.css,180,css,a8a4fca5,Owen Yang,2025-02-08,22:21:09,-08:00,2025-02-08T22:21:09-08:00,0,19
style.css,181,css,a8a4fca5,Owen Yang,2025-02-08,22:21:09,-08:00,2025-02-08T22:21:09-08:00,0,15
style.css,182,css,a8a4fca5,Owen Yang,2025-02-08,22:21:09,-08:00,2025-02-08T22:21:09-08:00,0,17
style.css,183,css,90b4524a,Owen Yang,2025-01-18,18:25:30,-08:00,2025-01-18T18:25:30-08:00,0,0
style.css,184,css,a8a4fca5,Owen Yang,2025-02-08,22:21:09,-08:00,2025-02-08T22:21:09-08:00,0,17
style.css,185,css,a8a4fca5,Owen Yang,2025-02-08,22:21:09,-08:00,2025-02-08T22:21:09-08:00,0,0
style.css,186,css,a8a4fca5,Owen Yang,2025-02-08,22:21:09,-08:00,2025-02-08T22:21:09-08:00,0,11
style.css,187,css,a8a4fca5,Owen Yang,2025-02-08,22:21:09,-08:00,2025-02-08T22:21:09-08:00,0,13
style.css,188,css,a8a4fca5,Owen Yang,2025-02-08,22:21:09,-08:00,2025-02-08T22:21:09-08:00,0,19
style.css,189,css,a8a4fca5,Owen Yang,2025-02-08,22:21:09,-08:00,2025-02-08T22:21:09-08:00,0,8
style.css,190,css,a8a4fca5,Owen Yang,2025-02-08,22:21:09,-08:00,2025-02-08T22:21:09-08:00,0,0
style.css,191,css,a8a4fca5,Owen Yang,2025-02-08,22:21:09,-08:00,2025-02-08T22:21:09-08:00,0,8
style.css,192,css,a8a4fca5,Owen Yang,2025-02-08,22:21:09,-08:00,2025-02-08T22:21:09-08:00,0,7
style.css,193,css,a8a4fca5,Owen Yang,2025-02-08,22:21:09,-08:00,2025-02-08T22:21:09-08:00,0,13
style.css,194,css,a8a4fca5,Owen Yang,2025-02-08,22:21:09,-08:00,2025-02-08T22:21:09-08:00,0,58
style.css,195,css,a8a4fca5,Owen Yang,2025-02-08,22:21:09,-08:00,2025-02-08T22:21:09-08:00,0,16
style.css,196,css,a8a4fca5,Owen Yang,2025-02-08,22:21:09,-08:00,2025-02-08T22:21:09-08:00,0,18
style.css,197,css,a8a4fca5,Owen Yang,2025-02-08,22:21:09,-08:00,2025-02-08T22:21:09-08:00,0,16
style.css,198,css,a8a4fca5,Owen Yang,2025-02-08,22:21:09,-08:00,2025-02-08T22:21:09-08:00,0,22
style.css,199,css,a8a4fca5,Owen Yang,2025-02-08,22:21:09,-08:00,2025-02-08T22:21:09-08:00,0,18
style.css,200,css,a8a4fca5,Owen Yang,2025-02-08,22:21:09,-08:00,2025-02-08T22:21:09-08:00,0,22
style.css,201,css,a8a4fca5,Owen Yang,2025-02-08,22:21:09,-08:00,2025-02-08T22:21:09-08:00,0,0
style.css,202,css,a8a4fca5,Owen Yang,2025-02-08,22:21:09,-08:00,2025-02-08T22:21:09-08:00,0,0
style.css,203,css,a8a4fca5,Owen Yang,2025-02-08,22:21:09,-08:00,2025-02-08T22:21:09-08:00,0,11
style.css,204,css,a8a4fca5,Owen Yang,2025-02-08,22:21:09,-08:00,2025-02-08T22:21:09-08:00,0,13
style.css,205,css,a8a4fca5,Owen Yang,2025-02-08,22:21:09,-08:00,2025-02-08T22:21:09-08:00,0,19
style.css,206,css,a8a4fca5,Owen Yang,2025-02-08,22:21:09,-08:00,2025-02-08T22:21:09-08:00,0,10
style.css,207,css,a8a4fca5,Owen Yang,2025-02-08,22:21:09,-08:00,2025-02-08T22:21:09-08:00,0,16
style.css,208,css,a8a4fca5,Owen Yang,2025-02-08,22:21:09,-08:00,2025-02-08T22:21:09-08:00,0,19
style.css,209,css,a8a4fca5,Owen Yang,2025-02-08,22:21:09,-08:00,2025-02-08T22:21:09-08:00,0,0
style.css,210,css,a8a4fca5,Owen Yang,2025-02-08,22:21:09,-08:00,2025-02-08T22:21:09-08:00,0,0
style.css,211,css,a8a4fca5,Owen Yang,2025-02-08,22:21:09,-08:00,2025-02-08T22:21:09-08:00,0,8
style.css,212,css,a8a4fca5,Owen Yang,2025-02-08,22:21:09,-08:00,2025-02-08T22:21:09-08:00,0,21
style.css,213,css,a8a4fca5,Owen Yang,2025-02-08,22:21:09,-08:00,2025-02-08T22:21:09-08:00,0,10
style.css,214,css,a8a4fca5,Owen Yang,2025-02-08,22:21:09,-08:00,2025-02-08T22:21:09-08:00,0,11
style.css,215,css,a8a4fca5,Owen Yang,2025-02-08,22:21:09,-08:00,2025-02-08T22:21:09-08:00,0,19
style.css,216,css,a8a4fca5,Owen Yang,2025-02-08,22:21:09,-08:00,2025-02-08T22:21:09-08:00,0,18
style.css,217,css,a8a4fca5,Owen Yang,2025-02-08,22:21:09,-08:00,2025-02-08T22:21:09-08:00,0,22
style.css,218,css,a8a4fca5,Owen Yang,2025-02-08,22:21:09,-08:00,2025-02-08T22:21:09-08:00,0,0
style.css,219,css,a8a4fca5,Owen Yang,2025-02-08,22:21:09,-08:00,2025-02-08T22:21:09-08:00,0,11
style.css,220,css,a8a4fca5,Owen Yang,2025-02-08,22:21:09,-08:00,2025-02-08T22:21:09-08:00,0,10
style.css,221,css,a8a4fca5,Owen Yang,2025-02-08,22:21:09,-08:00,2025-02-08T22:21:09-08:00,0,16
style.css,222,css,a8a4fca5,Owen Yang,2025-02-08,22:21:09,-08:00,2025-02-08T22:21:09-08:00,0,14
style.css,223,css,a8a4fca5,Owen Yang,2025-02-08,22:21:09,-08:00,2025-02-08T22:21:09-08:00,0,16
style.css,224,css,a8a4fca5,Owen Yang,2025-02-08,22:21:09,-08:00,2025-02-08T22:21:09-08:00,0,14
style.css,225,css,a8a4fca5,Owen Yang,2025-02-08,22:21:09,-08:00,2025-02-08T22:21:09-08:00,0,14
style.css,226,css,a8a4fca5,Owen Yang,2025-02-08,22:21:09,-08:00,2025-02-08T22:21:09-08:00,0,22
style.css,227,css,a8a4fca5,Owen Yang,2025-02-08,22:21:09,-08:00,2025-02-08T22:21:09-08:00,0,18
style.css,228,css,a8a4fca5,Owen Yang,2025-02-08,22:21:09,-08:00,2025-02-08T22:21:09-08:00,0,22
style.css,229,css,a8a4fca5,Owen Yang,2025-02-08,22:21:09,-08:00,2025-02-08T22:21:09-08:00,0,12
style.css,230,css,a8a4fca5,Owen Yang,2025-02-08,22:21:09,-08:00,2025-02-08T22:21:09-08:00,0,0
style.css,231,css,a8a4fca5,Owen Yang,2025-02-08,22:21:09,-08:00,2025-02-08T22:21:09-08:00,0,0
style.css,232,css,a8a4fca5,Owen Yang,2025-02-08,22:21:09,-08:00,2025-02-08T22:21:09-08:00,0,18
style.css,233,css,a8a4fca5,Owen Yang,2025-02-08,22:21:09,-08:00,2025-02-08T22:21:09-08:00,0,17
style.css,234,css,a8a4fca5,Owen Yang,2025-02-08,22:21:09,-08:00,2025-02-08T22:21:09-08:00,0,12
style.css,235,css,a8a4fca5,Owen Yang,2025-02-08,22:21:09,-08:00,2025-02-08T22:21:09-08:00,0,0
style.css,236,css,a8a4fca5,Owen Yang,2025-02-08,22:21:09,-08:00,2025-02-08T22:21:09-08:00,0,0
style.css,237,css,a8a4fca5,Owen Yang,2025-02-08,22:21:09,-08:00,2025-02-08T22:21:09-08:00,0,5
style.css,238,css,a8a4fca5,Owen Yang,2025-02-08,22:21:09,-08:00,2025-02-08T22:21:09-08:00,0,17
style.css,239,css,a8a4fca5,Owen Yang,2025-02-08,22:21:09,-08:00,2025-02-08T22:21:09-08:00,0,15
style.css,240,css,a8a4fca5,Owen Yang,2025-02-08,22:21:09,-08:00,2025-02-08T22:21:09-08:00,0,0
style.css,241,css,a8a4fca5,Owen Yang,2025-02-08,22:21:09,-08:00,2025-02-08T22:21:09-08:00,0,10
style.css,242,css,a8a4fca5,Owen Yang,2025-02-08,22:21:09,-08:00,2025-02-08T22:21:09-08:00,0,36
style.css,243,css,a8a4fca5,Owen Yang,2025-02-08,22:21:09,-08:00,2025-02-08T22:21:09-08:00,0,0
style.css,244,css,a8a4fca5,Owen Yang,2025-02-08,22:21:09,-08:00,2025-02-08T22:21:09-08:00,0,11
style.css,245,css,a8a4fca5,Owen Yang,2025-02-08,22:21:09,-08:00,2025-02-08T22:21:09-08:00,0,18
style.css,246,css,a8a4fca5,Owen Yang,2025-02-08,22:21:09,-08:00,2025-02-08T22:21:09-08:00,0,0
style.css,247,css,a8a4fca5,Owen Yang,2025-02-08,22:21:09,-08:00,2025-02-08T22:21:09-08:00,0,0
style.css,248,css,a8a4fca5,Owen Yang,2025-02-08,22:21:09,-08:00,2025-02-08T22:21:09-08:00,0,28
style.css,249,css,a8a4fca5,Owen Yang,2025-02-08,22:21:09,-08:00,2025-02-08T22:21:09-08:00,0,41
style.css,250,css,a8a4fca5,Owen Yang,2025-02-08,22:21:09,-08:00,2025-02-08T22:21:09-08:00,0,0
index.js,1,js,0a5d6444,Owen Yang,2025-02-01,16:40:19,-08:00,2025-02-01T16:40:19-08:00,0,71
index.js,2,js,0a5d6444,Owen Yang,2025-02-01,16:40:19,-08:00,2025-02-01T16:40:19-08:00,0,55
index.js,3,js,0a5d6444,Owen Yang,2025-02-01,16:40:19,-08:00,2025-02-01T16:40:19-08:00,0,43
index.js,4,js,0a5d6444,Owen Yang,2025-02-01,16:40:19,-08:00,2025-02-01T16:40:19-08:00,0,61
index.js,5,js,0a5d6444,Owen Yang,2025-02-01,16:40:19,-08:00,2025-02-01T16:40:19-08:00,0,55
index.js,6,js,0a5d6444,Owen Yang,2025-02-01,16:40:19,-08:00,2025-02-01T16:40:19-08:00,0,53
index.js,7,js,0a5d6444,Owen Yang,2025-02-01,16:40:19,-08:00,2025-02-01T16:40:19-08:00,0,61
index.js,8,js,0a5d6444,Owen Yang,2025-02-01,16:40:19,-08:00,2025-02-01T16:40:19-08:00,0,18
index.js,9,js,0a5d6444,Owen Yang,2025-02-01,16:40:19,-08:00,2025-02-01T16:40:19-08:00,0,25
index.js,10,js,0a5d6444,Owen Yang,2025-02-01,16:40:19,-08:00,2025-02-01T16:40:19-08:00,0,3
index.js,11,js,0a5d6444,Owen Yang,2025-02-01,16:40:19,-08:00,2025-02-01T16:40:19-08:00,0,56
index.js,12,js,0a5d6444,Owen Yang,2025-02-01,16:40:19,-08:00,2025-02-01T16:40:19-08:00,0,56
index.js,13,js,0a5d6444,Owen Yang,2025-02-01,16:40:19,-08:00,2025-02-01T16:40:19-08:00,0,50
index.js,14,js,0a5d6444,Owen Yang,2025-02-01,16:40:19,-08:00,2025-02-01T16:40:19-08:00,0,50
index.js,15,js,0a5d6444,Owen Yang,2025-02-01,16:40:19,-08:00,2025-02-01T16:40:19-08:00,0,4
index.js,16,js,0a5d6444,Owen Yang,2025-02-01,16:40:19,-08:00,2025-02-01T16:40:19-08:00,0,1
index.js,17,js,0a5d6444,Owen Yang,2025-02-01,16:40:19,-08:00,2025-02-01T16:40:19-08:00,0,0
index.html,1,html,50a10e8,Owen Yang,2025-01-18,17:21:19,-08:00,2025-01-18T17:21:19-08:00,0,14
index.html,2,html,da28c96d,Owen Yang,2025-01-25,18:19:42,-08:00,2025-01-25T18:19:42-08:00,0,30
index.html,3,html,50a10e8,Owen Yang,2025-01-18,17:21:19,-08:00,2025-01-18T17:21:19-08:00,0,5
index.html,4,html,50a10e8,Owen Yang,2025-01-18,17:21:19,-08:00,2025-01-18T17:21:19-08:00,0,41
index.html,5,html,50a10e8,Owen Yang,2025-01-18,17:21:19,-08:00,2025-01-18T17:21:19-08:00,0,21
index.html,6,html,50a10e8,Owen Yang,2025-01-18,17:21:19,-08:00,2025-01-18T17:21:19-08:00,0,69
index.html,7,html,50a10e8,Owen Yang,2025-01-18,17:21:19,-08:00,2025-01-18T17:21:19-08:00,0,52
index.html,8,html,50a10e8,Owen Yang,2025-01-18,17:21:19,-08:00,2025-01-18T17:21:19-08:00,0,6
index.html,9,html,50a10e8,Owen Yang,2025-01-18,17:21:19,-08:00,2025-01-18T17:21:19-08:00,0,5
index.html,10,html,da28c96d,Owen Yang,2025-01-25,18:19:42,-08:00,2025-01-25T18:19:42-08:00,0,0
index.html,11,html,50a10e8,Owen Yang,2025-01-18,17:21:19,-08:00,2025-01-18T17:21:19-08:00,0,17
index.html,12,html,50a10e8,Owen Yang,2025-01-18,17:21:19,-08:00,2025-01-18T17:21:19-08:00,0,42
index.html,13,html,50a10e8,Owen Yang,2025-01-18,17:21:19,-08:00,2025-01-18T17:21:19-08:00,0,17
index.html,14,html,50a10e8,Owen Yang,2025-01-18,17:21:19,-08:00,2025-01-18T17:21:19-08:00,0,17
index.html,15,html,50a10e8,Owen Yang,2025-01-18,17:21:19,-08:00,2025-01-18T17:21:19-08:00,0,3
index.html,16,html,90b4524a,Owen Yang,2025-01-18,18:25:30,-08:00,2025-01-18T18:25:30-08:00,0,75
index.html,17,html,0a5d6444,Owen Yang,2025-02-01,16:40:19,-08:00,2025-02-01T16:40:19-08:00,0,23
index.html,18,html,0a5d6444,Owen Yang,2025-02-01,16:40:19,-08:00,2025-02-01T16:40:19-08:00,0,21
index.html,19,html,0a5d6444,Owen Yang,2025-02-01,16:40:19,-08:00,2025-02-01T16:40:19-08:00,0,0
index.html,20,html,0a5d6444,Owen Yang,2025-02-01,16:40:19,-08:00,2025-02-01T16:40:19-08:00,0,5
index.html,21,html,0a5d6444,Owen Yang,2025-02-01,16:40:19,-08:00,2025-02-01T16:40:19-08:00,0,23
index.html,22,html,0a5d6444,Owen Yang,2025-02-01,16:40:19,-08:00,2025-02-01T16:40:19-08:00,0,0
index.html,23,html,0a5d6444,Owen Yang,2025-02-01,16:40:19,-08:00,2025-02-01T16:40:19-08:00,0,5
index.html,24,html,da28c96d,Owen Yang,2025-01-25,18:19:42,-08:00,2025-01-25T18:19:42-08:00,0,46
index.html,25,html,0a5d6444,Owen Yang,2025-02-01,16:40:19,-08:00,2025-02-01T16:40:19-08:00,0,51
index.html,26,html,50a10e8,Owen Yang,2025-01-18,17:21:19,-08:00,2025-01-18T17:21:19-08:00,0,6
index.html,27,html,50a10e8,Owen Yang,2025-01-18,17:21:19,-08:00,2025-01-18T17:21:19-08:00,0,6
global.js,1,js,da28c96d,Owen Yang,2025-01-25,18:19:42,-08:00,2025-01-25T18:19:42-08:00,0,26
global.js,2,js,da28c96d,Owen Yang,2025-01-25,18:19:42,-08:00,2025-01-25T18:19:42-08:00,0,0
global.js,3,js,da28c96d,Owen Yang,2025-01-25,18:19:42,-08:00,2025-01-25T18:19:42-08:00,0,12
global.js,4,js,da28c96d,Owen Yang,2025-01-25,18:19:42,-08:00,2025-01-25T18:19:42-08:00,0,26
global.js,5,js,da28c96d,Owen Yang,2025-01-25,18:19:42,-08:00,2025-01-25T18:19:42-08:00,0,39
global.js,6,js,da28c96d,Owen Yang,2025-01-25,18:19:42,-08:00,2025-01-25T18:19:42-08:00,0,37
global.js,7,js,da28c96d,Owen Yang,2025-01-25,18:19:42,-08:00,2025-01-25T18:19:42-08:00,0,56
global.js,8,js,da28c96d,Owen Yang,2025-01-25,18:19:42,-08:00,2025-01-25T18:19:42-08:00,0,35
global.js,9,js,00000000,Not Committed Yet,2025-02-14,16:39:12,-08:00,2025-02-14T16:39:12-08:00,0,31
global.js,10,js,da28c96d,Owen Yang,2025-01-25,18:19:42,-08:00,2025-01-25T18:19:42-08:00,0,1
global.js,11,js,da28c96d,Owen Yang,2025-01-25,18:19:42,-08:00,2025-01-25T18:19:42-08:00,0,0
global.js,12,js,da28c96d,Owen Yang,2025-01-25,18:19:42,-08:00,2025-01-25T18:19:42-08:00,0,39
global.js,13,js,da28c96d,Owen Yang,2025-01-25,18:19:42,-08:00,2025-01-25T18:19:42-08:00,0,26
global.js,14,js,da28c96d,Owen Yang,2025-01-25,18:19:42,-08:00,2025-01-25T18:19:42-08:00,0,0
global.js,15,js,da28c96d,Owen Yang,2025-01-25,18:19:42,-08:00,2025-01-25T18:19:42-08:00,0,71
global.js,16,js,da28c96d,Owen Yang,2025-01-25,18:19:42,-08:00,2025-01-25T18:19:42-08:00,0,0
global.js,17,js,da28c96d,Owen Yang,2025-01-25,18:19:42,-08:00,2025-01-25T18:19:42-08:00,0,21
global.js,18,js,da28c96d,Owen Yang,2025-01-25,18:19:42,-08:00,2025-01-25T18:19:42-08:00,0,15
global.js,19,js,da28c96d,Owen Yang,2025-01-25,18:19:42,-08:00,2025-01-25T18:19:42-08:00,0,19
global.js,20,js,da28c96d,Owen Yang,2025-01-25,18:19:42,-08:00,2025-01-25T18:19:42-08:00,0,0
global.js,21,js,da28c96d,Owen Yang,2025-01-25,18:19:42,-08:00,2025-01-25T18:19:42-08:00,0,45
global.js,22,js,da28c96d,Owen Yang,2025-01-25,18:19:42,-08:00,2025-01-25T18:19:42-08:00,0,17
global.js,23,js,da28c96d,Owen Yang,2025-01-25,18:19:42,-08:00,2025-01-25T18:19:42-08:00,0,0
global.js,24,js,da28c96d,Owen Yang,2025-01-25,18:19:42,-08:00,2025-01-25T18:19:42-08:00,0,0
global.js,25,js,da28c96d,Owen Yang,2025-01-25,18:19:42,-08:00,2025-01-25T18:19:42-08:00,0,35
global.js,26,js,da28c96d,Owen Yang,2025-01-25,18:19:42,-08:00,2025-01-25T18:19:42-08:00,0,12
global.js,27,js,da28c96d,Owen Yang,2025-01-25,18:19:42,-08:00,2025-01-25T18:19:42-08:00,0,21
global.js,28,js,da28c96d,Owen Yang,2025-01-25,18:19:42,-08:00,2025-01-25T18:19:42-08:00,0,0
global.js,29,js,da28c96d,Owen Yang,2025-01-25,18:19:42,-08:00,2025-01-25T18:19:42-08:00,0,66
global.js,30,js,da28c96d,Owen Yang,2025-01-25,18:19:42,-08:00,2025-01-25T18:19:42-08:00,0,26
global.js,31,js,da28c96d,Owen Yang,2025-01-25,18:19:42,-08:00,2025-01-25T18:19:42-08:00,0,0
global.js,32,js,da28c96d,Owen Yang,2025-01-25,18:19:42,-08:00,2025-01-25T18:19:42-08:00,0,0
global.js,33,js,da28c96d,Owen Yang,2025-01-25,18:19:42,-08:00,2025-01-25T18:19:42-08:00,0,30
global.js,34,js,da28c96d,Owen Yang,2025-01-25,18:19:42,-08:00,2025-01-25T18:19:42-08:00,0,19
global.js,35,js,da28c96d,Owen Yang,2025-01-25,18:19:42,-08:00,2025-01-25T18:19:42-08:00,0,0
global.js,36,js,da28c96d,Owen Yang,2025-01-25,18:19:42,-08:00,2025-01-25T18:19:42-08:00,0,0
global.js,37,js,da28c96d,Owen Yang,2025-01-25,18:19:42,-08:00,2025-01-25T18:19:42-08:00,0,13
global.js,38,js,da28c96d,Owen Yang,2025-01-25,18:19:42,-08:00,2025-01-25T18:19:42-08:00,0,0
global.js,39,js,0a5d6444,Owen Yang,2025-02-01,16:40:19,-08:00,2025-02-01T16:40:19-08:00,0,0
global.js,40,js,da28c96d,Owen Yang,2025-01-25,18:19:42,-08:00,2025-01-25T18:19:42-08:00,0,32
global.js,41,js,da28c96d,Owen Yang,2025-01-25,18:19:42,-08:00,2025-01-25T18:19:42-08:00,0,12
global.js,42,js,da28c96d,Owen Yang,2025-01-25,18:19:42,-08:00,2025-01-25T18:19:42-08:00,0,0
global.js,43,js,da28c96d,Owen Yang,2025-01-25,18:19:42,-08:00,2025-01-25T18:19:42-08:00,0,27
global.js,44,js,da28c96d,Owen Yang,2025-01-25,18:19:42,-08:00,2025-01-25T18:19:42-08:00,0,5
global.js,45,js,da28c96d,Owen Yang,2025-01-25,18:19:42,-08:00,2025-01-25T18:19:42-08:00,0,25
global.js,46,js,da28c96d,Owen Yang,2025-01-25,18:19:42,-08:00,2025-01-25T18:19:42-08:00,0,38
global.js,47,js,da28c96d,Owen Yang,2025-01-25,18:19:42,-08:00,2025-01-25T18:19:42-08:00,0,35
global.js,48,js,da28c96d,Owen Yang,2025-01-25,18:19:42,-08:00,2025-01-25T18:19:42-08:00,0,33
global.js,49,js,da28c96d,Owen Yang,2025-01-25,18:19:42,-08:00,2025-01-25T18:19:42-08:00,0,8
global.js,50,js,da28c96d,Owen Yang,2025-01-25,18:19:42,-08:00,2025-01-25T18:19:42-08:00,0,7
global.js,51,js,da28c96d,Owen Yang,2025-01-25,18:19:42,-08:00,2025-01-25T18:19:42-08:00,0,0
global.js,52,js,da28c96d,Owen Yang,2025-01-25,18:19:42,-08:00,2025-01-25T18:19:42-08:00,0,1
global.js,53,js,da28c96d,Owen Yang,2025-01-25,18:19:42,-08:00,2025-01-25T18:19:42-08:00,0,0
global.js,54,js,da28c96d,Owen Yang,2025-01-25,18:19:42,-08:00,2025-01-25T18:19:42-08:00,0,59
global.js,55,js,da28c96d,Owen Yang,2025-01-25,18:19:42,-08:00,2025-01-25T18:19:42-08:00,0,0
global.js,56,js,da28c96d,Owen Yang,2025-01-25,18:19:42,-08:00,2025-01-25T18:19:42-08:00,0,37
global.js,57,js,da28c96d,Owen Yang,2025-01-25,18:19:42,-08:00,2025-01-25T18:19:42-08:00,0,71
global.js,58,js,aedca164,Owen Yang,2025-01-25,18:22:12,-08:00,2025-01-25T18:22:12-08:00,0,48
global.js,59,js,aedca164,Owen Yang,2025-01-25,18:22:12,-08:00,2025-01-25T18:22:12-08:00,0,31
global.js,60,js,da28c96d,Owen Yang,2025-01-25,18:19:42,-08:00,2025-01-25T18:19:42-08:00,0,0
global.js,61,js,da28c96d,Owen Yang,2025-01-25,18:19:42,-08:00,2025-01-25T18:19:42-08:00,0,0
global.js,62,js,da28c96d,Owen Yang,2025-01-25,18:19:42,-08:00,2025-01-25T18:19:42-08:00,0,49
global.js,63,js,da28c96d,Owen Yang,2025-01-25,18:19:42,-08:00,2025-01-25T18:19:42-08:00,0,40
global.js,64,js,da28c96d,Owen Yang,2025-01-25,18:19:42,-08:00,2025-01-25T18:19:42-08:00,0,29
global.js,65,js,da28c96d,Owen Yang,2025-01-25,18:19:42,-08:00,2025-01-25T18:19:42-08:00,0,2
global.js,66,js,da28c96d,Owen Yang,2025-01-25,18:19:42,-08:00,2025-01-25T18:19:42-08:00,0,0
global.js,67,js,da28c96d,Owen Yang,2025-01-25,18:19:42,-08:00,2025-01-25T18:19:42-08:00,0,52
global.js,68,js,da28c96d,Owen Yang,2025-01-25,18:19:42,-08:00,2025-01-25T18:19:42-08:00,0,64
global.js,69,js,aedca164,Owen Yang,2025-01-25,18:22:12,-08:00,2025-01-25T18:22:12-08:00,0,26
global.js,70,js,da28c96d,Owen Yang,2025-01-25,18:19:42,-08:00,2025-01-25T18:19:42-08:00,0,2
global.js,71,js,0a5d6444,Owen Yang,2025-02-01,16:40:19,-08:00,2025-02-01T16:40:19-08:00,0,0
global.js,72,js,0a5d6444,Owen Yang,2025-02-01,16:40:19,-08:00,2025-02-01T16:40:19-08:00,0,0
global.js,73,js,0a5d6444,Owen Yang,2025-02-01,16:40:19,-08:00,2025-02-01T16:40:19-08:00,0,0
global.js,74,js,0a5d6444,Owen Yang,2025-02-01,16:40:19,-08:00,2025-02-01T16:40:19-08:00,0,37
global.js,75,js,0a5d6444,Owen Yang,2025-02-01,16:40:19,-08:00,2025-02-01T16:40:19-08:00,0,4
global.js,76,js,0a5d6444,Owen Yang,2025-02-01,16:40:19,-08:00,2025-02-01T16:40:19-08:00,0,33
global.js,77,js,0a5d6444,Owen Yang,2025-02-01,16:40:19,-08:00,2025-02-01T16:40:19-08:00,0,18
global.js,78,js,0a5d6444,Owen Yang,2025-02-01,16:40:19,-08:00,2025-02-01T16:40:19-08:00,0,0
global.js,79,js,0a5d6444,Owen Yang,2025-02-01,16:40:19,-08:00,2025-02-01T16:40:19-08:00,0,67
global.js,80,js,0a5d6444,Owen Yang,2025-02-01,16:40:19,-08:00,2025-02-01T16:40:19-08:00,0,0
global.js,81,js,0a5d6444,Owen Yang,2025-02-01,16:40:19,-08:00,2025-02-01T16:40:19-08:00,0,0
global.js,82,js,0a5d6444,Owen Yang,2025-02-01,16:40:19,-08:00,2025-02-01T16:40:19-08:00,0,34
global.js,83,js,0a5d6444,Owen Yang,2025-02-01,16:40:19,-08:00,2025-02-01T16:40:19-08:00,0,11
global.js,84,js,0a5d6444,Owen Yang,2025-02-01,16:40:19,-08:00,2025-02-01T16:40:19-08:00,0,16
global.js,85,js,0a5d6444,Owen Yang,2025-02-01,16:40:19,-08:00,2025-02-01T16:40:19-08:00,0,60
global.js,86,js,0a5d6444,Owen Yang,2025-02-01,16:40:19,-08:00,2025-02-01T16:40:19-08:00,0,0
global.js,87,js,0a5d6444,Owen Yang,2025-02-01,16:40:19,-08:00,2025-02-01T16:40:19-08:00,0,11
global.js,88,js,0a5d6444,Owen Yang,2025-02-01,16:40:19,-08:00,2025-02-01T16:40:19-08:00,0,0
global.js,89,js,0a5d6444,Owen Yang,2025-02-01,16:40:19,-08:00,2025-02-01T16:40:19-08:00,0,0
global.js,90,js,0a5d6444,Owen Yang,2025-02-01,16:40:19,-08:00,2025-02-01T16:40:19-08:00,0,0
global.js,91,js,0a5d6444,Owen Yang,2025-02-01,16:40:19,-08:00,2025-02-01T16:40:19-08:00,0,80
global.js,92,js,0a5d6444,Owen Yang,2025-02-01,16:40:19,-08:00,2025-02-01T16:40:19-08:00,0,23
global.js,93,js,0a5d6444,Owen Yang,2025-02-01,16:40:19,-08:00,2025-02-01T16:40:19-08:00,0,75
global.js,94,js,0a5d6444,Owen Yang,2025-02-01,16:40:19,-08:00,2025-02-01T16:40:19-08:00,0,6
global.js,95,js,0a5d6444,Owen Yang,2025-02-01,16:40:19,-08:00,2025-02-01T16:40:19-08:00,0,0
global.js,96,js,0a5d6444,Owen Yang,2025-02-01,16:40:19,-08:00,2025-02-01T16:40:19-08:00,0,0
global.js,97,js,0a5d6444,Owen Yang,2025-02-01,16:40:19,-08:00,2025-02-01T16:40:19-08:00,0,31
global.js,98,js,0a5d6444,Owen Yang,2025-02-01,16:40:19,-08:00,2025-02-01T16:40:19-08:00,0,0
global.js,99,js,0a5d6444,Owen Yang,2025-02-01,16:40:19,-08:00,2025-02-01T16:40:19-08:00,0,40
global.js,100,js,0a5d6444,Owen Yang,2025-02-01,16:40:19,-08:00,2025-02-01T16:40:19-08:00,0,78
global.js,101,js,0a5d6444,Owen Yang,2025-02-01,16:40:19,-08:00,2025-02-01T16:40:19-08:00,0,6
global.js,102,js,0a5d6444,Owen Yang,2025-02-01,16:40:19,-08:00,2025-02-01T16:40:19-08:00,0,0
global.js,103,js,0a5d6444,Owen Yang,2025-02-01,16:40:19,-08:00,2025-02-01T16:40:19-08:00,0,0
global.js,104,js,0a5d6444,Owen Yang,2025-02-01,16:40:19,-08:00,2025-02-01T16:40:19-08:00,0,28
global.js,105,js,0a5d6444,Owen Yang,2025-02-01,16:40:19,-08:00,2025-02-01T16:40:19-08:00,0,47
global.js,106,js,0a5d6444,Owen Yang,2025-02-01,16:40:19,-08:00,2025-02-01T16:40:19-08:00,0,0
global.js,107,js,0a5d6444,Owen Yang,2025-02-01,16:40:19,-08:00,2025-02-01T16:40:19-08:00,0,50
global.js,108,js,0a5d6444,Owen Yang,2025-02-01,16:40:19,-08:00,2025-02-01T16:40:19-08:00,0,35
global.js,109,js,0a5d6444,Owen Yang,2025-02-01,16:40:19,-08:00,2025-02-01T16:40:19-08:00,0,0
global.js,110,js,0a5d6444,Owen Yang,2025-02-01,16:40:19,-08:00,2025-02-01T16:40:19-08:00,0,41
global.js,111,js,0a5d6444,Owen Yang,2025-02-01,16:40:19,-08:00,2025-02-01T16:40:19-08:00,0,25
global.js,112,js,0a5d6444,Owen Yang,2025-02-01,16:40:19,-08:00,2025-02-01T16:40:19-08:00,0,25
global.js,113,js,0a5d6444,Owen Yang,2025-02-01,16:40:19,-08:00,2025-02-01T16:40:19-08:00,0,0
global.js,114,js,0a5d6444,Owen Yang,2025-02-01,16:40:19,-08:00,2025-02-01T16:40:19-08:00,0,45
global.js,115,js,0a5d6444,Owen Yang,2025-02-01,16:40:19,-08:00,2025-02-01T16:40:19-08:00,0,45
global.js,116,js,0a5d6444,Owen Yang,2025-02-01,16:40:19,-08:00,2025-02-01T16:40:19-08:00,0,0
global.js,117,js,a8a4fca5,Owen Yang,2025-02-08,22:21:09,-08:00,2025-02-08T22:21:09-08:00,0,38
global.js,118,js,a8a4fca5,Owen Yang,2025-02-08,22:21:09,-08:00,2025-02-08T22:21:09-08:00,0,39
global.js,119,js,a8a4fca5,Owen Yang,2025-02-08,22:21:09,-08:00,2025-02-08T22:21:09-08:00,0,70
global.js,120,js,a8a4fca5,Owen Yang,2025-02-08,22:21:09,-08:00,2025-02-08T22:21:09-08:00,0,0
global.js,121,js,a8a4fca5,Owen Yang,2025-02-08,22:21:09,-08:00,2025-02-08T22:21:09-08:00,0,50
global.js,122,js,a8a4fca5,Owen Yang,2025-02-08,22:21:09,-08:00,2025-02-08T22:21:09-08:00,0,78
global.js,123,js,a8a4fca5,Owen Yang,2025-02-08,22:21:09,-08:00,2025-02-08T22:21:09-08:00,0,0
global.js,124,js,a8a4fca5,Owen Yang,2025-02-08,22:21:09,-08:00,2025-02-08T22:21:09-08:00,0,46
global.js,125,js,0a5d6444,Owen Yang,2025-02-01,16:40:19,-08:00,2025-02-01T16:40:19-08:00,0,37
global.js,126,js,0a5d6444,Owen Yang,2025-02-01,16:40:19,-08:00,2025-02-01T16:40:19-08:00,0,2
global.js,127,js,0a5d6444,Owen Yang,2025-02-01,16:40:19,-08:00,2025-02-01T16:40:19-08:00,0,0
global.js,128,js,0a5d6444,Owen Yang,2025-02-01,16:40:19,-08:00,2025-02-01T16:40:19-08:00,0,48
global.js,129,js,0a5d6444,Owen Yang,2025-02-01,16:40:19,-08:00,2025-02-01T16:40:19-08:00,0,60
global.js,130,js,0a5d6444,Owen Yang,2025-02-01,16:40:19,-08:00,2025-02-01T16:40:19-08:00,0,0
resume\index.html,1,html,50a10e8,Owen Yang,2025-01-18,17:21:19,-08:00,2025-01-18T17:21:19-08:00,0,14
resume\index.html,2,html,50a10e8,Owen Yang,2025-01-18,17:21:19,-08:00,2025-01-18T17:21:19-08:00,0,15
resume\index.html,3,html,50a10e8,Owen Yang,2025-01-18,17:21:19,-08:00,2025-01-18T17:21:19-08:00,0,5
resume\index.html,4,html,50a10e8,Owen Yang,2025-01-18,17:21:19,-08:00,2025-01-18T17:21:19-08:00,0,44
resume\index.html,5,html,50a10e8,Owen Yang,2025-01-18,17:21:19,-08:00,2025-01-18T17:21:19-08:00,0,21
resume\index.html,6,html,50a10e8,Owen Yang,2025-01-18,17:21:19,-08:00,2025-01-18T17:21:19-08:00,0,69
resume\index.html,7,html,50a10e8,Owen Yang,2025-01-18,17:21:19,-08:00,2025-01-18T17:21:19-08:00,0,31
resume\index.html,8,html,50a10e8,Owen Yang,2025-01-18,17:21:19,-08:00,2025-01-18T17:21:19-08:00,0,6
resume\index.html,9,html,90b4524a,Owen Yang,2025-01-18,18:25:30,-08:00,2025-01-18T18:25:30-08:00,0,25
resume\index.html,10,html,50a10e8,Owen Yang,2025-01-18,17:21:19,-08:00,2025-01-18T17:21:19-08:00,0,7
resume\index.html,11,html,50a10e8,Owen Yang,2025-01-18,17:21:19,-08:00,2025-01-18T17:21:19-08:00,0,17
resume\index.html,12,html,50a10e8,Owen Yang,2025-01-18,17:21:19,-08:00,2025-01-18T17:21:19-08:00,0,83
resume\index.html,13,html,50a10e8,Owen Yang,2025-01-18,17:21:19,-08:00,2025-01-18T17:21:19-08:00,0,84
resume\index.html,14,html,50a10e8,Owen Yang,2025-01-18,17:21:19,-08:00,2025-01-18T17:21:19-08:00,0,64
resume\index.html,15,html,50a10e8,Owen Yang,2025-01-18,17:21:19,-08:00,2025-01-18T17:21:19-08:00,0,3
resume\index.html,16,html,50a10e8,Owen Yang,2025-01-18,17:21:19,-08:00,2025-01-18T17:21:19-08:00,0,8
resume\index.html,17,html,50a10e8,Owen Yang,2025-01-18,17:21:19,-08:00,2025-01-18T17:21:19-08:00,0,0
resume\index.html,18,html,50a10e8,Owen Yang,2025-01-18,17:21:19,-08:00,2025-01-18T17:21:19-08:00,0,0
resume\index.html,19,html,50a10e8,Owen Yang,2025-01-18,17:21:19,-08:00,2025-01-18T17:21:19-08:00,0,8
resume\index.html,20,html,50a10e8,Owen Yang,2025-01-18,17:21:19,-08:00,2025-01-18T17:21:19-08:00,0,17
resume\index.html,21,html,50a10e8,Owen Yang,2025-01-18,17:21:19,-08:00,2025-01-18T17:21:19-08:00,0,8
resume\index.html,22,html,50a10e8,Owen Yang,2025-01-18,17:21:19,-08:00,2025-01-18T17:21:19-08:00,0,44
resume\index.html,23,html,50a10e8,Owen Yang,2025-01-18,17:21:19,-08:00,2025-01-18T17:21:19-08:00,0,72
resume\index.html,24,html,50a10e8,Owen Yang,2025-01-18,17:21:19,-08:00,2025-01-18T17:21:19-08:00,0,32
resume\index.html,25,html,50a10e8,Owen Yang,2025-01-18,17:21:19,-08:00,2025-01-18T17:21:19-08:00,0,55
resume\index.html,26,html,50a10e8,Owen Yang,2025-01-18,17:21:19,-08:00,2025-01-18T17:21:19-08:00,0,197
resume\index.html,27,html,50a10e8,Owen Yang,2025-01-18,17:21:19,-08:00,2025-01-18T17:21:19-08:00,0,9
resume\index.html,28,html,50a10e8,Owen Yang,2025-01-18,17:21:19,-08:00,2025-01-18T17:21:19-08:00,0,9
resume\index.html,29,html,50a10e8,Owen Yang,2025-01-18,17:21:19,-08:00,2025-01-18T17:21:19-08:00,0,0
resume\index.html,30,html,50a10e8,Owen Yang,2025-01-18,17:21:19,-08:00,2025-01-18T17:21:19-08:00,0,0
resume\index.html,31,html,50a10e8,Owen Yang,2025-01-18,17:21:19,-08:00,2025-01-18T17:21:19-08:00,0,8
resume\index.html,32,html,50a10e8,Owen Yang,2025-01-18,17:21:19,-08:00,2025-01-18T17:21:19-08:00,0,18
resume\index.html,33,html,50a10e8,Owen Yang,2025-01-18,17:21:19,-08:00,2025-01-18T17:21:19-08:00,0,8
resume\index.html,34,html,50a10e8,Owen Yang,2025-01-18,17:21:19,-08:00,2025-01-18T17:21:19-08:00,0,35
resume\index.html,35,html,50a10e8,Owen Yang,2025-01-18,17:21:19,-08:00,2025-01-18T17:21:19-08:00,0,82
resume\index.html,36,html,50a10e8,Owen Yang,2025-01-18,17:21:19,-08:00,2025-01-18T17:21:19-08:00,0,3
resume\index.html,37,html,50a10e8,Owen Yang,2025-01-18,17:21:19,-08:00,2025-01-18T17:21:19-08:00,0,120
resume\index.html,38,html,50a10e8,Owen Yang,2025-01-18,17:21:19,-08:00,2025-01-18T17:21:19-08:00,0,66
resume\index.html,39,html,50a10e8,Owen Yang,2025-01-18,17:21:19,-08:00,2025-01-18T17:21:19-08:00,0,77
resume\index.html,40,html,50a10e8,Owen Yang,2025-01-18,17:21:19,-08:00,2025-01-18T17:21:19-08:00,0,4
resume\index.html,41,html,50a10e8,Owen Yang,2025-01-18,17:21:19,-08:00,2025-01-18T17:21:19-08:00,0,9
resume\index.html,42,html,50a10e8,Owen Yang,2025-01-18,17:21:19,-08:00,2025-01-18T17:21:19-08:00,0,8
resume\index.html,43,html,50a10e8,Owen Yang,2025-01-18,17:21:19,-08:00,2025-01-18T17:21:19-08:00,0,32
resume\index.html,44,html,50a10e8,Owen Yang,2025-01-18,17:21:19,-08:00,2025-01-18T17:21:19-08:00,0,82
resume\index.html,45,html,50a10e8,Owen Yang,2025-01-18,17:21:19,-08:00,2025-01-18T17:21:19-08:00,0,3
resume\index.html,46,html,50a10e8,Owen Yang,2025-01-18,17:21:19,-08:00,2025-01-18T17:21:19-08:00,0,112
resume\index.html,47,html,50a10e8,Owen Yang,2025-01-18,17:21:19,-08:00,2025-01-18T17:21:19-08:00,0,78
resume\index.html,48,html,50a10e8,Owen Yang,2025-01-18,17:21:19,-08:00,2025-01-18T17:21:19-08:00,0,108
resume\index.html,49,html,50a10e8,Owen Yang,2025-01-18,17:21:19,-08:00,2025-01-18T17:21:19-08:00,0,4
resume\index.html,50,html,50a10e8,Owen Yang,2025-01-18,17:21:19,-08:00,2025-01-18T17:21:19-08:00,0,9
resume\index.html,51,html,50a10e8,Owen Yang,2025-01-18,17:21:19,-08:00,2025-01-18T17:21:19-08:00,0,9
resume\index.html,52,html,50a10e8,Owen Yang,2025-01-18,17:21:19,-08:00,2025-01-18T17:21:19-08:00,0,0
resume\index.html,53,html,50a10e8,Owen Yang,2025-01-18,17:21:19,-08:00,2025-01-18T17:21:19-08:00,0,0
resume\index.html,54,html,50a10e8,Owen Yang,2025-01-18,17:21:19,-08:00,2025-01-18T17:21:19-08:00,0,8
resume\index.html,55,html,50a10e8,Owen Yang,2025-01-18,17:21:19,-08:00,2025-01-18T17:21:19-08:00,0,16
resume\index.html,56,html,50a10e8,Owen Yang,2025-01-18,17:21:19,-08:00,2025-01-18T17:21:19-08:00,0,8
resume\index.html,57,html,50a10e8,Owen Yang,2025-01-18,17:21:19,-08:00,2025-01-18T17:21:19-08:00,0,18
resume\index.html,58,html,50a10e8,Owen Yang,2025-01-18,17:21:19,-08:00,2025-01-18T17:21:19-08:00,0,94
resume\index.html,59,html,50a10e8,Owen Yang,2025-01-18,17:21:19,-08:00,2025-01-18T17:21:19-08:00,0,3
resume\index.html,60,html,50a10e8,Owen Yang,2025-01-18,17:21:19,-08:00,2025-01-18T17:21:19-08:00,0,91
resume\index.html,61,html,50a10e8,Owen Yang,2025-01-18,17:21:19,-08:00,2025-01-18T17:21:19-08:00,0,83
resume\index.html,62,html,50a10e8,Owen Yang,2025-01-18,17:21:19,-08:00,2025-01-18T17:21:19-08:00,0,4
resume\index.html,63,html,50a10e8,Owen Yang,2025-01-18,17:21:19,-08:00,2025-01-18T17:21:19-08:00,0,9
resume\index.html,64,html,50a10e8,Owen Yang,2025-01-18,17:21:19,-08:00,2025-01-18T17:21:19-08:00,0,8
resume\index.html,65,html,50a10e8,Owen Yang,2025-01-18,17:21:19,-08:00,2025-01-18T17:21:19-08:00,0,17
resume\index.html,66,html,50a10e8,Owen Yang,2025-01-18,17:21:19,-08:00,2025-01-18T17:21:19-08:00,0,73
resume\index.html,67,html,50a10e8,Owen Yang,2025-01-18,17:21:19,-08:00,2025-01-18T17:21:19-08:00,0,3
resume\index.html,68,html,50a10e8,Owen Yang,2025-01-18,17:21:19,-08:00,2025-01-18T17:21:19-08:00,0,97
resume\index.html,69,html,50a10e8,Owen Yang,2025-01-18,17:21:19,-08:00,2025-01-18T17:21:19-08:00,0,53
resume\index.html,70,html,50a10e8,Owen Yang,2025-01-18,17:21:19,-08:00,2025-01-18T17:21:19-08:00,0,4
resume\index.html,71,html,50a10e8,Owen Yang,2025-01-18,17:21:19,-08:00,2025-01-18T17:21:19-08:00,0,9
resume\index.html,72,html,50a10e8,Owen Yang,2025-01-18,17:21:19,-08:00,2025-01-18T17:21:19-08:00,0,9
resume\index.html,73,html,50a10e8,Owen Yang,2025-01-18,17:21:19,-08:00,2025-01-18T17:21:19-08:00,0,0
resume\index.html,74,html,50a10e8,Owen Yang,2025-01-18,17:21:19,-08:00,2025-01-18T17:21:19-08:00,0,8
resume\index.html,75,html,50a10e8,Owen Yang,2025-01-18,17:21:19,-08:00,2025-01-18T17:21:19-08:00,0,14
resume\index.html,76,html,50a10e8,Owen Yang,2025-01-18,17:21:19,-08:00,2025-01-18T17:21:19-08:00,0,3
resume\index.html,77,html,50a10e8,Owen Yang,2025-01-18,17:21:19,-08:00,2025-01-18T17:21:19-08:00,0,104
resume\index.html,78,html,50a10e8,Owen Yang,2025-01-18,17:21:19,-08:00,2025-01-18T17:21:19-08:00,0,95
resume\index.html,79,html,50a10e8,Owen Yang,2025-01-18,17:21:19,-08:00,2025-01-18T17:21:19-08:00,0,78
resume\index.html,80,html,50a10e8,Owen Yang,2025-01-18,17:21:19,-08:00,2025-01-18T17:21:19-08:00,0,4
resume\index.html,81,html,50a10e8,Owen Yang,2025-01-18,17:21:19,-08:00,2025-01-18T17:21:19-08:00,0,9
resume\index.html,82,html,da28c96d,Owen Yang,2025-01-25,18:19:42,-08:00,2025-01-25T18:19:42-08:00,0,49
resume\index.html,83,html,50a10e8,Owen Yang,2025-01-18,17:21:19,-08:00,2025-01-18T17:21:19-08:00,0,6
resume\index.html,84,html,50a10e8,Owen Yang,2025-01-18,17:21:19,-08:00,2025-01-18T17:21:19-08:00,0,6
projects\projects.js,1,js,0a5d6444,Owen Yang,2025-02-01,16:40:19,-08:00,2025-02-01T16:40:19-08:00,0,56
projects\projects.js,2,js,a8a4fca5,Owen Yang,2025-02-08,22:21:09,-08:00,2025-02-08T22:21:09-08:00,0,64
projects\projects.js,3,js,0a5d6444,Owen Yang,2025-02-01,16:40:19,-08:00,2025-02-01T16:40:19-08:00,0,0
projects\projects.js,4,js,0a5d6444,Owen Yang,2025-02-01,16:40:19,-08:00,2025-02-01T16:40:19-08:00,0,56
projects\projects.js,5,js,0a5d6444,Owen Yang,2025-02-01,16:40:19,-08:00,2025-02-01T16:40:19-08:00,0,0
projects\projects.js,6,js,0a5d6444,Owen Yang,2025-02-01,16:40:19,-08:00,2025-02-01T16:40:19-08:00,0,61
projects\projects.js,7,js,0a5d6444,Owen Yang,2025-02-01,16:40:19,-08:00,2025-02-01T16:40:19-08:00,0,63
projects\projects.js,8,js,0a5d6444,Owen Yang,2025-02-01,16:40:19,-08:00,2025-02-01T16:40:19-08:00,0,0
projects\projects.js,9,js,0a5d6444,Owen Yang,2025-02-01,16:40:19,-08:00,2025-02-01T16:40:19-08:00,0,0
projects\projects.js,10,js,0a5d6444,Owen Yang,2025-02-01,16:40:19,-08:00,2025-02-01T16:40:19-08:00,0,19
projects\projects.js,11,js,0a5d6444,Owen Yang,2025-02-01,16:40:19,-08:00,2025-02-01T16:40:19-08:00,0,57
projects\projects.js,12,js,0a5d6444,Owen Yang,2025-02-01,16:40:19,-08:00,2025-02-01T16:40:19-08:00,0,0
projects\projects.js,13,js,0a5d6444,Owen Yang,2025-02-01,16:40:19,-08:00,2025-02-01T16:40:19-08:00,0,0
projects\projects.js,14,js,a8a4fca5,Owen Yang,2025-02-08,22:21:09,-08:00,2025-02-08T22:21:09-08:00,0,49
projects\projects.js,15,js,a8a4fca5,Owen Yang,2025-02-08,22:21:09,-08:00,2025-02-08T22:21:09-08:00,0,22
projects\projects.js,16,js,a8a4fca5,Owen Yang,2025-02-08,22:21:09,-08:00,2025-02-08T22:21:09-08:00,0,39
projects\projects.js,17,js,a8a4fca5,Owen Yang,2025-02-08,22:21:09,-08:00,2025-02-08T22:21:09-08:00,0,0
projects\projects.js,18,js,a8a4fca5,Owen Yang,2025-02-08,22:21:09,-08:00,2025-02-08T22:21:09-08:00,0,40
projects\projects.js,19,js,a8a4fca5,Owen Yang,2025-02-08,22:21:09,-08:00,2025-02-08T22:21:09-08:00,0,44
projects\projects.js,20,js,a8a4fca5,Owen Yang,2025-02-08,22:21:09,-08:00,2025-02-08T22:21:09-08:00,0,0
projects\projects.js,21,js,a8a4fca5,Owen Yang,2025-02-08,22:21:09,-08:00,2025-02-08T22:21:09-08:00,0,0
projects\projects.js,22,js,a8a4fca5,Owen Yang,2025-02-08,22:21:09,-08:00,2025-02-08T22:21:09-08:00,0,27
projects\projects.js,23,js,a8a4fca5,Owen Yang,2025-02-08,22:21:09,-08:00,2025-02-08T22:21:09-08:00,0,13
projects\projects.js,24,js,a8a4fca5,Owen Yang,2025-02-08,22:21:09,-08:00,2025-02-08T22:21:09-08:00,0,15
projects\projects.js,25,js,a8a4fca5,Owen Yang,2025-02-08,22:21:09,-08:00,2025-02-08T22:21:09-08:00,0,12
projects\projects.js,26,js,a8a4fca5,Owen Yang,2025-02-08,22:21:09,-08:00,2025-02-08T22:21:09-08:00,0,1
projects\projects.js,27,js,a8a4fca5,Owen Yang,2025-02-08,22:21:09,-08:00,2025-02-08T22:21:09-08:00,0,0
projects\projects.js,28,js,a8a4fca5,Owen Yang,2025-02-08,22:21:09,-08:00,2025-02-08T22:21:09-08:00,0,46
projects\projects.js,29,js,a8a4fca5,Owen Yang,2025-02-08,22:21:09,-08:00,2025-02-08T22:21:09-08:00,0,12
projects\projects.js,30,js,a8a4fca5,Owen Yang,2025-02-08,22:21:09,-08:00,2025-02-08T22:21:09-08:00,0,10
projects\projects.js,31,js,a8a4fca5,Owen Yang,2025-02-08,22:21:09,-08:00,2025-02-08T22:21:09-08:00,0,3
projects\projects.js,32,js,a8a4fca5,Owen Yang,2025-02-08,22:21:09,-08:00,2025-02-08T22:21:09-08:00,0,0
projects\projects.js,33,js,a8a4fca5,Owen Yang,2025-02-08,22:21:09,-08:00,2025-02-08T22:21:09-08:00,0,58
projects\projects.js,34,js,a8a4fca5,Owen Yang,2025-02-08,22:21:09,-08:00,2025-02-08T22:21:09-08:00,0,51
projects\projects.js,35,js,a8a4fca5,Owen Yang,2025-02-08,22:21:09,-08:00,2025-02-08T22:21:09-08:00,0,34
projects\projects.js,36,js,a8a4fca5,Owen Yang,2025-02-08,22:21:09,-08:00,2025-02-08T22:21:09-08:00,0,46
projects\projects.js,37,js,a8a4fca5,Owen Yang,2025-02-08,22:21:09,-08:00,2025-02-08T22:21:09-08:00,0,0
projects\projects.js,38,js,a8a4fca5,Owen Yang,2025-02-08,22:21:09,-08:00,2025-02-08T22:21:09-08:00,0,48
projects\projects.js,39,js,a8a4fca5,Owen Yang,2025-02-08,22:21:09,-08:00,2025-02-08T22:21:09-08:00,0,0
projects\projects.js,40,js,a8a4fca5,Owen Yang,2025-02-08,22:21:09,-08:00,2025-02-08T22:21:09-08:00,0,27
projects\projects.js,41,js,a8a4fca5,Owen Yang,2025-02-08,22:21:09,-08:00,2025-02-08T22:21:09-08:00,0,15
projects\projects.js,42,js,a8a4fca5,Owen Yang,2025-02-08,22:21:09,-08:00,2025-02-08T22:21:09-08:00,0,14
projects\projects.js,43,js,a8a4fca5,Owen Yang,2025-02-08,22:21:09,-08:00,2025-02-08T22:21:09-08:00,0,14
projects\projects.js,44,js,a8a4fca5,Owen Yang,2025-02-08,22:21:09,-08:00,2025-02-08T22:21:09-08:00,0,26
projects\projects.js,45,js,a8a4fca5,Owen Yang,2025-02-08,22:21:09,-08:00,2025-02-08T22:21:09-08:00,0,2
projects\projects.js,46,js,a8a4fca5,Owen Yang,2025-02-08,22:21:09,-08:00,2025-02-08T22:21:09-08:00,0,0
projects\projects.js,47,js,a8a4fca5,Owen Yang,2025-02-08,22:21:09,-08:00,2025-02-08T22:21:09-08:00,0,32
projects\projects.js,48,js,a8a4fca5,Owen Yang,2025-02-08,22:21:09,-08:00,2025-02-08T22:21:09-08:00,0,24
projects\projects.js,49,js,a8a4fca5,Owen Yang,2025-02-08,22:21:09,-08:00,2025-02-08T22:21:09-08:00,0,70
projects\projects.js,50,js,a8a4fca5,Owen Yang,2025-02-08,22:21:09,-08:00,2025-02-08T22:21:09-08:00,0,0
projects\projects.js,51,js,a8a4fca5,Owen Yang,2025-02-08,22:21:09,-08:00,2025-02-08T22:21:09-08:00,0,25
projects\projects.js,52,js,a8a4fca5,Owen Yang,2025-02-08,22:21:09,-08:00,2025-02-08T22:21:09-08:00,0,18
projects\projects.js,53,js,a8a4fca5,Owen Yang,2025-02-08,22:21:09,-08:00,2025-02-08T22:21:09-08:00,0,24
projects\projects.js,54,js,a8a4fca5,Owen Yang,2025-02-08,22:21:09,-08:00,2025-02-08T22:21:09-08:00,0,30
projects\projects.js,55,js,a8a4fca5,Owen Yang,2025-02-08,22:21:09,-08:00,2025-02-08T22:21:09-08:00,0,21
projects\projects.js,56,js,a8a4fca5,Owen Yang,2025-02-08,22:21:09,-08:00,2025-02-08T22:21:09-08:00,0,111
projects\projects.js,57,js,a8a4fca5,Owen Yang,2025-02-08,22:21:09,-08:00,2025-02-08T22:21:09-08:00,0,2
projects\projects.js,58,js,a8a4fca5,Owen Yang,2025-02-08,22:21:09,-08:00,2025-02-08T22:21:09-08:00,0,26
projects\projects.js,59,js,a8a4fca5,Owen Yang,2025-02-08,22:21:09,-08:00,2025-02-08T22:21:09-08:00,0,30
projects\projects.js,60,js,a8a4fca5,Owen Yang,2025-02-08,22:21:09,-08:00,2025-02-08T22:21:09-08:00,0,0
projects\projects.js,61,js,a8a4fca5,Owen Yang,2025-02-08,22:21:09,-08:00,2025-02-08T22:21:09-08:00,0,25
projects\projects.js,62,js,a8a4fca5,Owen Yang,2025-02-08,22:21:09,-08:00,2025-02-08T22:21:09-08:00,0,2
projects\projects.js,63,js,a8a4fca5,Owen Yang,2025-02-08,22:21:09,-08:00,2025-02-08T22:21:09-08:00,0,14
projects\projects.js,64,js,a8a4fca5,Owen Yang,2025-02-08,22:21:09,-08:00,2025-02-08T22:21:09-08:00,0,14
projects\projects.js,65,js,a8a4fca5,Owen Yang,2025-02-08,22:21:09,-08:00,2025-02-08T22:21:09-08:00,0,23
projects\projects.js,66,js,a8a4fca5,Owen Yang,2025-02-08,22:21:09,-08:00,2025-02-08T22:21:09-08:00,0,19
projects\projects.js,67,js,a8a4fca5,Owen Yang,2025-02-08,22:21:09,-08:00,2025-02-08T22:21:09-08:00,0,44
projects\projects.js,68,js,a8a4fca5,Owen Yang,2025-02-08,22:21:09,-08:00,2025-02-08T22:21:09-08:00,0,0
projects\projects.js,69,js,a8a4fca5,Owen Yang,2025-02-08,22:21:09,-08:00,2025-02-08T22:21:09-08:00,0,20
projects\projects.js,70,js,a8a4fca5,Owen Yang,2025-02-08,22:21:09,-08:00,2025-02-08T22:21:09-08:00,0,69
projects\projects.js,71,js,a8a4fca5,Owen Yang,2025-02-08,22:21:09,-08:00,2025-02-08T22:21:09-08:00,0,0
projects\projects.js,72,js,a8a4fca5,Owen Yang,2025-02-08,22:21:09,-08:00,2025-02-08T22:21:09-08:00,0,0
projects\projects.js,73,js,a8a4fca5,Owen Yang,2025-02-08,22:21:09,-08:00,2025-02-08T22:21:09-08:00,0,21
projects\projects.js,74,js,a8a4fca5,Owen Yang,2025-02-08,22:21:09,-08:00,2025-02-08T22:21:09-08:00,0,69
projects\projects.js,75,js,a8a4fca5,Owen Yang,2025-02-08,22:21:09,-08:00,2025-02-08T22:21:09-08:00,0,0
projects\projects.js,76,js,a8a4fca5,Owen Yang,2025-02-08,22:21:09,-08:00,2025-02-08T22:21:09-08:00,0,26
projects\projects.js,77,js,a8a4fca5,Owen Yang,2025-02-08,22:21:09,-08:00,2025-02-08T22:21:09-08:00,0,54
projects\projects.js,78,js,a8a4fca5,Owen Yang,2025-02-08,22:21:09,-08:00,2025-02-08T22:21:09-08:00,0,7
projects\projects.js,79,js,a8a4fca5,Owen Yang,2025-02-08,22:21:09,-08:00,2025-02-08T22:21:09-08:00,0,45
projects\projects.js,80,js,a8a4fca5,Owen Yang,2025-02-08,22:21:09,-08:00,2025-02-08T22:21:09-08:00,0,45
projects\projects.js,81,js,a8a4fca5,Owen Yang,2025-02-08,22:21:09,-08:00,2025-02-08T22:21:09-08:00,0,34
projects\projects.js,82,js,a8a4fca5,Owen Yang,2025-02-08,22:21:09,-08:00,2025-02-08T22:21:09-08:00,0,1
projects\projects.js,83,js,a8a4fca5,Owen Yang,2025-02-08,22:21:09,-08:00,2025-02-08T22:21:09-08:00,0,90
projects\projects.js,84,js,a8a4fca5,Owen Yang,2025-02-08,22:21:09,-08:00,2025-02-08T22:21:09-08:00,0,0
projects\projects.js,85,js,a8a4fca5,Owen Yang,2025-02-08,22:21:09,-08:00,2025-02-08T22:21:09-08:00,0,2
projects\projects.js,86,js,a8a4fca5,Owen Yang,2025-02-08,22:21:09,-08:00,2025-02-08T22:21:09-08:00,0,2
projects\projects.js,87,js,a8a4fca5,Owen Yang,2025-02-08,22:21:09,-08:00,2025-02-08T22:21:09-08:00,0,0
projects\projects.js,88,js,a8a4fca5,Owen Yang,2025-02-08,22:21:09,-08:00,2025-02-08T22:21:09-08:00,0,0
projects\projects.js,89,js,a8a4fca5,Owen Yang,2025-02-08,22:21:09,-08:00,2025-02-08T22:21:09-08:00,0,0
projects\projects.js,90,js,a8a4fca5,Owen Yang,2025-02-08,22:21:09,-08:00,2025-02-08T22:21:09-08:00,0,24
projects\projects.js,91,js,a8a4fca5,Owen Yang,2025-02-08,22:21:09,-08:00,2025-02-08T22:21:09-08:00,0,0
projects\projects.js,92,js,a8a4fca5,Owen Yang,2025-02-08,22:21:09,-08:00,2025-02-08T22:21:09-08:00,0,0
projects\projects.js,93,js,a8a4fca5,Owen Yang,2025-02-08,22:21:09,-08:00,2025-02-08T22:21:09-08:00,0,14
projects\projects.js,94,js,a8a4fca5,Owen Yang,2025-02-08,22:21:09,-08:00,2025-02-08T22:21:09-08:00,0,54
projects\projects.js,95,js,a8a4fca5,Owen Yang,2025-02-08,22:21:09,-08:00,2025-02-08T22:21:09-08:00,0,0
projects\projects.js,96,js,a8a4fca5,Owen Yang,2025-02-08,22:21:09,-08:00,2025-02-08T22:21:09-08:00,0,49
projects\projects.js,97,js,a8a4fca5,Owen Yang,2025-02-08,22:21:09,-08:00,2025-02-08T22:21:09-08:00,0,40
projects\projects.js,98,js,a8a4fca5,Owen Yang,2025-02-08,22:21:09,-08:00,2025-02-08T22:21:09-08:00,0,0
projects\projects.js,99,js,a8a4fca5,Owen Yang,2025-02-08,22:21:09,-08:00,2025-02-08T22:21:09-08:00,0,52
projects\projects.js,100,js,a8a4fca5,Owen Yang,2025-02-08,22:21:09,-08:00,2025-02-08T22:21:09-08:00,0,60
projects\projects.js,101,js,a8a4fca5,Owen Yang,2025-02-08,22:21:09,-08:00,2025-02-08T22:21:09-08:00,0,29
projects\projects.js,102,js,a8a4fca5,Owen Yang,2025-02-08,22:21:09,-08:00,2025-02-08T22:21:09-08:00,0,2
projects\projects.js,103,js,a8a4fca5,Owen Yang,2025-02-08,22:21:09,-08:00,2025-02-08T22:21:09-08:00,0,0
projects\projects.js,104,js,a8a4fca5,Owen Yang,2025-02-08,22:21:09,-08:00,2025-02-08T22:21:09-08:00,0,57
projects\projects.js,105,js,a8a4fca5,Owen Yang,2025-02-08,22:21:09,-08:00,2025-02-08T22:21:09-08:00,0,65
projects\projects.js,106,js,a8a4fca5,Owen Yang,2025-02-08,22:21:09,-08:00,2025-02-08T22:21:09-08:00,0,2
projects\projects.js,107,js,a8a4fca5,Owen Yang,2025-02-08,22:21:09,-08:00,2025-02-08T22:21:09-08:00,0,0
projects\index.html,1,html,50a10e8,Owen Yang,2025-01-18,17:21:19,-08:00,2025-01-18T17:21:19-08:00,0,14
projects\index.html,2,html,50a10e8,Owen Yang,2025-01-18,17:21:19,-08:00,2025-01-18T17:21:19-08:00,0,15
projects\index.html,3,html,50a10e8,Owen Yang,2025-01-18,17:21:19,-08:00,2025-01-18T17:21:19-08:00,0,5
projects\index.html,4,html,50a10e8,Owen Yang,2025-01-18,17:21:19,-08:00,2025-01-18T17:21:19-08:00,0,44
projects\index.html,5,html,50a10e8,Owen Yang,2025-01-18,17:21:19,-08:00,2025-01-18T17:21:19-08:00,0,21
projects\index.html,6,html,50a10e8,Owen Yang,2025-01-18,17:21:19,-08:00,2025-01-18T17:21:19-08:00,0,69
projects\index.html,7,html,50a10e8,Owen Yang,2025-01-18,17:21:19,-08:00,2025-01-18T17:21:19-08:00,0,43
projects\index.html,8,html,50a10e8,Owen Yang,2025-01-18,17:21:19,-08:00,2025-01-18T17:21:19-08:00,0,6
projects\index.html,9,html,50a10e8,Owen Yang,2025-01-18,17:21:19,-08:00,2025-01-18T17:21:19-08:00,0,5
projects\index.html,10,html,0a5d6444,Owen Yang,2025-02-01,16:40:19,-08:00,2025-02-01T16:40:19-08:00,0,39
projects\index.html,11,html,a8a4fca5,Owen Yang,2025-02-08,22:21:09,-08:00,2025-02-08T22:21:09-08:00,0,22
projects\index.html,12,html,a8a4fca5,Owen Yang,2025-02-08,22:21:09,-08:00,2025-02-08T22:21:09-08:00,0,59
projects\index.html,13,html,a8a4fca5,Owen Yang,2025-02-08,22:21:09,-08:00,2025-02-08T22:21:09-08:00,0,23
projects\index.html,14,html,a8a4fca5,Owen Yang,2025-02-08,22:21:09,-08:00,2025-02-08T22:21:09-08:00,0,5
projects\index.html,15,html,a8a4fca5,Owen Yang,2025-02-08,22:21:09,-08:00,2025-02-08T22:21:09-08:00,0,5
projects\index.html,16,html,a8a4fca5,Owen Yang,2025-02-08,22:21:09,-08:00,2025-02-08T22:21:09-08:00,0,16
projects\index.html,17,html,a8a4fca5,Owen Yang,2025-02-08,22:21:09,-08:00,2025-02-08T22:21:09-08:00,0,12
projects\index.html,18,html,a8a4fca5,Owen Yang,2025-02-08,22:21:09,-08:00,2025-02-08T22:21:09-08:00,0,27
projects\index.html,19,html,a8a4fca5,Owen Yang,2025-02-08,22:21:09,-08:00,2025-02-08T22:21:09-08:00,0,32
projects\index.html,20,html,a8a4fca5,Owen Yang,2025-02-08,22:21:09,-08:00,2025-02-08T22:21:09-08:00,0,1
projects\index.html,21,html,891cddb5,Owen Yang,2025-01-18,18:16:57,-08:00,2025-01-18T18:16:57-08:00,0,21
projects\index.html,22,html,891cddb5,Owen Yang,2025-01-18,18:16:57,-08:00,2025-01-18T18:16:57-08:00,0,5
projects\index.html,23,html,da28c96d,Owen Yang,2025-01-25,18:19:42,-08:00,2025-01-25T18:19:42-08:00,0,49
projects\index.html,24,html,0a5d6444,Owen Yang,2025-02-01,16:40:19,-08:00,2025-02-01T16:40:19-08:00,0,48
projects\index.html,25,html,50a10e8,Owen Yang,2025-01-18,17:21:19,-08:00,2025-01-18T17:21:19-08:00,0,6
projects\index.html,26,html,50a10e8,Owen Yang,2025-01-18,17:21:19,-08:00,2025-01-18T17:21:19-08:00,0,6
contact\index.html,1,html,50a10e8,Owen Yang,2025-01-18,17:21:19,-08:00,2025-01-18T17:21:19-08:00,0,14
contact\index.html,2,html,50a10e8,Owen Yang,2025-01-18,17:21:19,-08:00,2025-01-18T17:21:19-08:00,0,15
contact\index.html,3,html,50a10e8,Owen Yang,2025-01-18,17:21:19,-08:00,2025-01-18T17:21:19-08:00,0,5
contact\index.html,4,html,50a10e8,Owen Yang,2025-01-18,17:21:19,-08:00,2025-01-18T17:21:19-08:00,0,44
contact\index.html,5,html,50a10e8,Owen Yang,2025-01-18,17:21:19,-08:00,2025-01-18T17:21:19-08:00,0,21
contact\index.html,6,html,50a10e8,Owen Yang,2025-01-18,17:21:19,-08:00,2025-01-18T17:21:19-08:00,0,69
contact\index.html,7,html,50a10e8,Owen Yang,2025-01-18,17:21:19,-08:00,2025-01-18T17:21:19-08:00,0,42
contact\index.html,8,html,50a10e8,Owen Yang,2025-01-18,17:21:19,-08:00,2025-01-18T17:21:19-08:00,0,6
contact\index.html,9,html,50a10e8,Owen Yang,2025-01-18,17:21:19,-08:00,2025-01-18T17:21:19-08:00,0,5
contact\index.html,10,html,da28c96d,Owen Yang,2025-01-25,18:19:42,-08:00,2025-01-25T18:19:42-08:00,0,0
contact\index.html,11,html,50a10e8,Owen Yang,2025-01-18,17:21:19,-08:00,2025-01-18T17:21:19-08:00,0,15
contact\index.html,12,html,50a10e8,Owen Yang,2025-01-18,17:21:19,-08:00,2025-01-18T17:21:19-08:00,0,72
contact\index.html,13,html,50a10e8,Owen Yang,2025-01-18,17:21:19,-08:00,2025-01-18T17:21:19-08:00,0,37
contact\index.html,14,html,50a10e8,Owen Yang,2025-01-18,17:21:19,-08:00,2025-01-18T17:21:19-08:00,0,52
contact\index.html,15,html,50a10e8,Owen Yang,2025-01-18,17:21:19,-08:00,2025-01-18T17:21:19-08:00,0,7
contact\index.html,16,html,50a10e8,Owen Yang,2025-01-18,17:21:19,-08:00,2025-01-18T17:21:19-08:00,0,36
contact\index.html,17,html,50a10e8,Owen Yang,2025-01-18,17:21:19,-08:00,2025-01-18T17:21:19-08:00,0,55
contact\index.html,18,html,50a10e8,Owen Yang,2025-01-18,17:21:19,-08:00,2025-01-18T17:21:19-08:00,0,7
contact\index.html,19,html,50a10e8,Owen Yang,2025-01-18,17:21:19,-08:00,2025-01-18T17:21:19-08:00,0,33
contact\index.html,20,html,50a10e8,Owen Yang,2025-01-18,17:21:19,-08:00,2025-01-18T17:21:19-08:00,0,70
contact\index.html,21,html,50a10e8,Owen Yang,2025-01-18,17:21:19,-08:00,2025-01-18T17:21:19-08:00,0,7
contact\index.html,22,html,50a10e8,Owen Yang,2025-01-18,17:21:19,-08:00,2025-01-18T17:21:19-08:00,0,34
contact\index.html,23,html,da28c96d,Owen Yang,2025-01-25,18:19:42,-08:00,2025-01-25T18:19:42-08:00,0,49
contact\index.html,24,html,50a10e8,Owen Yang,2025-01-18,17:21:19,-08:00,2025-01-18T17:21:19-08:00,0,6
contact\index.html,25,html,50a10e8,Owen Yang,2025-01-18,17:21:19,-08:00,2025-01-18T17:21:19-08:00,0,6
